<?xml version="1.0" encoding="UTF-8"?>

<deployment xmlns="urn:jboss:bean-deployer:2.0">

   <!-- MBean server -->
   <bean name="MBeanServer" class="javax.management.MBeanServer">
      <constructor factoryClass="java.lang.management.ManagementFactory"
                   factoryMethod="getPlatformMBeanServer"/>
   </bean> 

   <!-- The core configuration -->
   <bean name="Configuration" class="org.hornetq.core.config.impl.FileConfiguration">
   </bean>

    <!-- The security manager -->
   <bean name="HornetQSecurityManager" class="org.hornetq.spi.core.security.HornetQSecurityManagerImpl">
      <start ignored="true"/>
      <stop ignored="true"/>
   </bean>

    <!-- The core server -->
   <bean name="HornetQServer" class="org.hornetq.core.server.impl.HornetQServerImpl">
      <constructor>
         <parameter>
            <inject bean="Configuration"/>
         </parameter>
         <parameter>
            <inject bean="MBeanServer"/>
         </parameter>
         <parameter>
            <inject bean="HornetQSecurityManager"/>
         </parameter>
      </constructor>
      <start ignored="true"/>
      <stop ignored="true"/>
   </bean>

    <!-- The Stand alone server that controls the jndi server-->
   <bean name="StandaloneServer" class="org.hornetq.jms.server.impl.StandaloneNamingServer">
      <constructor>
         <parameter>
            <inject bean="HornetQServer"/>
         </parameter>
      </constructor>
      <property name="port">${jnp.port:1099}</property>
      <property name="bindAddress">${jnp.host:localhost}</property>
      <property name="rmiPort">${jnp.rmiPort:1098}</property>
      <property name="rmiBindAddress">${jnp.host:localhost}</property>
   </bean>
   
   <!-- The JMS server -->
   <bean name="JMSServerManager" class="org.hornetq.jms.server.impl.JMSServerManagerImpl">
      <constructor>         
         <parameter>
            <inject bean="HornetQServer"/>
         </parameter>         
      </constructor>
   </bean>
  
   
</deployment>
